<?xml version="1.0" encoding="UTF-8"?>

<beans
	xmlns="http://www.springframework.org/schema/beans"  
    xmlns:xsi="http://www.w3.org/2001/XMLSchema-instance"  
    xmlns:p="http://www.springfrawork.org/scheme/p"
    xsi:schemaLocation="http://www.springframework.org/schema/beans  
    http://www.springframework.org/schema/beans/spring-beans-3.0.xsd">
    
    <bean id ="trainBean1" class="com.example.Train">
    <property name ="trainNo">
    <value>8728</value>
    </property>
    <property name ="traineName">
    <value>Purusotam</value>
    </property>
    <property name ="source">
    <value>BBSR</value>
    </property>
    <property name ="destination">
    <value>Patna</value>
    </property>
    <property name ="ticketprice">
    <value>8620.8</value>
    </property>
    </bean>
    
    
</beans>