<?xml version="1.0" encoding="UTF-8"?>

<beans
	xmlns="http://www.springframework.org/schema/beans"  
    xmlns:xsi="http://www.w3.org/2001/XMLSchema-instance"  
    xmlns:p="http://www.springfrawork.org/scheme/p"
    xsi:schemaLocation="http://www.springframework.org/schema/beans  
    http://www.springframework.org/schema/beans/spring-beans-3.0.xsd">
    <bean id="passBean1" class = "com.example.Details">
    	<constructor-arg value="Archit" type="String"></constructor-arg>
    	<constructor-arg value="22" type="int"></constructor-arg>
    	<constructor-arg value="BBSR" type="String"></constructor-arg>
    </bean>
    <bean id="passBean2" class = "com.example.Details">
    	<constructor-arg value="Rahul" type="String"></constructor-arg>
    	<constructor-arg value="19" type="int"></constructor-arg>
    	<constructor-arg value="BLR" type="String"></constructor-arg>
    </bean>
   </beans>