<?xml version="1.0" encoding="UTF-8"?>

<beans
    xmlns="http://www.springframework.org/schema/beans"  
    xmlns:xsi="http://www.w3.org/2001/XMLSchema-instance"  
    xmlns:p="http://www.springfrawork.org/scheme/p"
    xsi:schemaLocation="http://www.springframework.org/schema/beans  
    http://www.springframework.org/schema/beans/spring-beans-3.0.xsd">
    
    <bean id="UserBean" class="com.example.User">
    	<property name="username">
    	<value>John</value>
    	</property>
    	
    	<property name="password">
    	<value>12345</value>
    	</property>
    </bean>
    
</beans>