<?xml version="1.0" encoding="UTF-8"?>

<beans
    xmlns="http://www.springframework.org/schema/beans"  
    xmlns:xsi="http://www.w3.org/2001/XMLSchema-instance"  
    xmlns:p="http://www.springfrawork.org/scheme/p"
    xsi:schemaLocation="http://www.springframework.org/schema/beans  
    http://www.springframework.org/schema/beans/spring-beans-3.0.xsd">
    
    <bean id="passenger1" class="com.example.PassengerDetails">
    	<constructor-arg value="Naman" type="String"></constructor-arg>
    	<constructor-arg value="Male" type="String"></constructor-arg>
    	<constructor-arg value="22" type="int"></constructor-arg>
    </bean>
    
    <bean id="passenger2" class="com.example.PassengerDetails">
    	<constructor-arg value="john" type="String"></constructor-arg>
    	<constructor-arg value="Male" type="String"></constructor-arg>
    	<constructor-arg value="45" type="int"></constructor-arg>
    </bean>
    
</beans>